<?xml version="1.0" encoding="UTF-8"?>
<project-private xmlns="http://www.netbeans.org/ns/project-private/1">
    <editor-bookmarks xmlns="http://www.netbeans.org/ns/editor-bookmarks/2" lastBookmarkId="0"/>
    <open-files xmlns="http://www.netbeans.org/ns/projectui-open-files/2">
        <group>
            <file>file:/C:/Users/DEll/OMz/Library%20management/src/library/management/Staff.java</file>
            <file>file:/C:/Users/DEll/OMz/Library%20management/src/library/management/Books.java</file>
            <file>file:/C:/Users/DEll/OMz/Library%20management/src/library/management/roleAdapter.java</file>
            <file>file:/C:/Users/DEll/OMz/Library%20management/src/library/management/Dashboard.java</file>
            <file>file:/C:/Users/DEll/OMz/Library%20management/src/library/management/LibraryManagement.java</file>
        </group>
    </open-files>
</project-private>
